"t","f1","f2","i","vowel","distance","std_to_vowel"
"0.8370000000000001","1167.0865369293565","1860.544624017958","51.170921445055406","non_vocal_e","912.810631446514","188.3450241270459"
"0.84325","1170.5963252217516","1856.3754906458832","50.93635790609437","non_vocal_e","912.1512863668343","188.3450241270459"
