"t","f1","f2","i","vowel","distance"
"0.8370000000000001","1167.0865369293558","1860.544624017959","51.170921445611796","e","777.6311609473148"
"0.84325","1170.5963252217518","1856.375490645884","50.93635790665261","e","776.9718158676358"
